Engine,Scenario,Dose_mg_per_day,Day,n_mc,suppression_pct_p01,suppression_pct_p05,suppression_pct_p25,suppression_pct_p50,suppression_pct_p75,suppression_pct_p95,suppression_pct_p99
"Level2+: PK+lag+PD (H dose-dependent, gamma=0.25)",24h_half_life (r=0.5),0.1,0,3000,0.0,0.0,0.0,0.0,0.0,0.0,0.0
"Level2+: PK+lag+PD (H dose-dependent, gamma=0.25)",24h_half_life (r=0.5),0.1,1,3000,0.7754837682640734,0.8485823600266827,0.9920103370845688,1.1394300140748774,1.3339805161614107,1.7127644191694782,2.1012276183048506
"Level2+: PK+lag+PD (H dose-dependent, gamma=0.25)",24h_half_life (r=0.5),0.1,2,3000,1.8192054819266572,1.9758865303355886,2.291495031426373,2.613935268098279,3.0191500075362763,3.804495409066549,4.569633527357076
"Level2+: PK+lag+PD (H dose-dependent, gamma=0.25)",24h_half_life (r=0.5),0.1,3,3000,2.961634067320199,3.1873499494422854,3.6684932718601893,4.148618062619853,4.747120310627278,5.878571907779696,6.89943113083503
"Level2+: PK+lag+PD (H dose-dependent, gamma=0.25)",24h_half_life (r=0.5),0.1,4,3000,4.1195957784114405,4.408008619850832,5.027774108522725,5.642223615409269,6.3925593582014475,7.7773694873713755,8.994309240537474
"Level2+: PK+lag+PD (H dose-dependent, gamma=0.25)",24h_half_life (r=0.5),0.1,5,3000,5.261817508307263,5.6022439802002655,6.33045128012521,7.042896781632031,7.910661043689675,9.446867098121327,10.7810417654122
"Level2+: PK+lag+PD (H dose-dependent, gamma=0.25)",24h_half_life (r=0.5),0.1,6,3000,6.366059546786529,6.746953214123487,7.561101252812133,8.345481184386042,9.281521142797088,10.896892610845367,12.273348713413665
"Level2+: PK+lag+PD (H dose-dependent, gamma=0.25)",24h_half_life (r=0.5),0.1,7,3000,7.430853895474931,7.84966757706925,8.716948489721243,9.541397400607025,10.512022150879039,12.15085326081737,13.509007580455156
"Level2+: PK+lag+PD (H dose-dependent, gamma=0.25)",24h_half_life (r=0.5),0.1,8,3000,8.46196861399452,8.899247134401396,9.797229408722323,10.63665883564264,11.616308617337761,13.236829549570059,14.521478610142864
"Level2+: PK+lag+PD (H dose-dependent, gamma=0.25)",24h_half_life (r=0.5),0.1,9,3000,9.457830019389418,9.900223815186084,10.806084342341425,11.639998693056846,12.601160091200331,14.162725662082398,15.34487739187669
"Level2+: PK+lag+PD (H dose-dependent, gamma=0.25)",24h_half_life (r=0.5),0.1,10,3000,10.413457879218083,10.853968996538821,11.746999317749859,12.55874143252737,13.480880643259521,14.949542951091935,16.016179966849226
"Level2+: PK+lag+PD (H dose-dependent, gamma=0.25)",24h_half_life (r=0.5),0.1,11,3000,11.329248377091629,11.758446326372992,12.621690391864401,13.3981244967136,14.266364564207196,15.617622722057913,16.56182106294714
"Level2+: PK+lag+PD (H dose-dependent, gamma=0.25)",24h_half_life (r=0.5),0.1,12,3000,12.204986639229638,12.618245319715378,13.437812708918425,14.162557686805272,14.964611573413462,16.183768403951778,17.00652070227725
"Level2+: PK+lag+PD (H dose-dependent, gamma=0.25)",24h_half_life (r=0.5),0.1,13,3000,13.045278413907837,13.435923634190177,14.197127176058315,14.862169685166052,15.587188150758738,16.663836725036358,17.368774730126475
"Level2+: PK+lag+PD (H dose-dependent, gamma=0.25)",24h_half_life (r=0.5),0.1,14,3000,13.851505764235268,14.211847091015596,14.903821501622653,15.500260684827452,16.14164444696423,17.072320656147692,17.66377941845132
"Level2+: PK+lag+PD (H dose-dependent, gamma=0.25)",24h_half_life (r=0.5),0.1,15,3000,14.625023290930438,14.948311506415031,15.560931063469686,16.082702573939592,16.636177864514238,17.41985405690524,17.903974654266662
"Level2+: PK+lag+PD (H dose-dependent, gamma=0.25)",24h_half_life (r=0.5),0.1,16,3000,15.367144916170066,15.647644867010234,16.17249381014237,16.614754713503388,17.076344911373535,17.715511331061954,18.09952141066162
"Level2+: PK+lag+PD (H dose-dependent, gamma=0.25)",24h_half_life (r=0.5),0.1,17,3000,16.079138371082834,16.31171175963355,16.741370719752062,17.099344939894948,17.468050182893425,17.96702596022005,18.25870804834261
"Level2+: PK+lag+PD (H dose-dependent, gamma=0.25)",24h_half_life (r=0.5),0.1,18,3000,16.76222348959053,16.94228688404005,17.271306628098788,17.54148585456275,17.816736542332,18.180983588464557,18.388289857108226
"Level2+: PK+lag+PD (H dose-dependent, gamma=0.25)",24h_half_life (r=0.5),0.1,19,3000,17.41757236253478,17.541057504853033,17.76409455923573,17.94503187714482,18.12715401924131,18.362989863221483,18.49376984365618
"Level2+: PK+lag+PD (H dose-dependent, gamma=0.25)",24h_half_life (r=0.5),0.1,20,3000,18.046307075756918,18.109626820864527,18.222722824875895,18.31337401305838,18.403501477363022,18.51785871703333,18.579629489740302
"Level2+: PK+lag+PD (H dose-dependent, gamma=0.25)",24h_half_life (r=0.5),0.1,21,3000,18.649517684887424,18.649517684887435,18.64951768488745,18.64951768488746,18.649517684887467,18.649517684887485,18.649517684887496
"Level2+: PK+lag+PD (H dose-dependent, gamma=0.25)",24h_half_life (r=0.5),0.3,0,3000,0.0,0.0,0.0,0.0,0.0,0.0,0.0
"Level2+: PK+lag+PD (H dose-dependent, gamma=0.25)",24h_half_life (r=0.5),0.3,1,3000,1.4113871870904673,1.5271015804467107,1.7476690400639439,1.9594742466396637,2.246740614341006,2.8133758208663937,3.4217682769438316
"Level2+: PK+lag+PD (H dose-dependent, gamma=0.25)",24h_half_life (r=0.5),0.3,2,3000,3.1027780577085124,3.3337889775886165,3.7667019052946853,4.19784628995215,4.765281282891941,5.8705442928973,6.968932055341569
"Level2+: PK+lag+PD (H dose-dependent, gamma=0.25)",24h_half_life (r=0.5),0.3,3,3000,4.8548498099124755,5.182554001503507,5.810474389193091,6.436041489306808,7.231754044776512,8.761546335695355,10.257292669442323
"Level2+: PK+lag+PD (H dose-dependent, gamma=0.25)",24h_half_life (r=0.5),0.3,4,3000,6.61425610640182,7.008223230925893,7.808801172073144,8.594901577062014,9.58253979150338,11.44223612036774,13.130429749414192
"Level2+: PK+lag+PD (H dose-dependent, gamma=0.25)",24h_half_life (r=0.5),0.3,5,3000,8.333001619516105,8.788762407185533,9.725088011877649,10.637725589513192,11.757305717808919,13.832277188824513,15.682966040439554
"Level2+: PK+lag+PD (H dose-dependent, gamma=0.25)",24h_half_life (r=0.5),0.3,6,3000,10.020403236463688,10.510638683443762,11.54889605256381,12.559996445242398,13.766757118760923,15.980978080570454,17.92492507623449
"Level2+: PK+lag+PD (H dose-dependent, gamma=0.25)",24h_half_life (r=0.5),0.3,7,3000,11.662505332390284,12.182123363284198,13.287519234201069,14.34864848091248,15.628180972827321,17.888528238966337,19.849378786811926
"Level2+: PK+lag+PD (H dose-dependent, gamma=0.25)",24h_half_life (r=0.5),0.3,8,3000,13.243904153445706,13.787172422500118,14.935888221826993,16.025455984899633,17.32288304825261,19.56349435763585,21.493232931847327
"Level2+: PK+lag+PD (H dose-dependent, gamma=0.25)",24h_half_life (r=0.5),0.3,9,3000,14.778064972390498,15.332714250905266,16.496146636968763,17.592450879054862,18.876885619261273,21.055446664157014,22.900010857823755
"Level2+: PK+lag+PD (H dose-dependent, gamma=0.25)",24h_half_life (r=0.5),0.3,10,3000,16.265542589206277,16.824349734207658,17.978802902745414,19.052750556369446,20.303062223960513,22.37529178095723,24.10287751600718
"Level2+: PK+lag+PD (H dose-dependent, gamma=0.25)",24h_half_life (r=0.5),0.3,11,3000,17.70751612098321,18.25587598527484,19.380889244238823,20.41425065143323,21.606305227254477,23.552365137789565,25.130789525196516
"Level2+: PK+lag+PD (H dose-dependent, gamma=0.25)",24h_half_life (r=0.5),0.3,12,3000,19.105343452387903,19.638964414834387,20.709143988751016,21.68424760580587,22.799166972696618,24.59751247647067,26.008864368717642
"Level2+: PK+lag+PD (H dose-dependent, gamma=0.25)",24h_half_life (r=0.5),0.3,13,3000,20.460380275537396,20.963928841328475,21.966411689408652,22.86959922967779,23.89193415422259,25.520171464267438,26.758875428371976
"Level2+: PK+lag+PD (H dose-dependent, gamma=0.25)",24h_half_life (r=0.5),0.3,14,3000,21.77377651428123,22.239660584381426,23.15765640362307,23.9758937173653,24.89360041023896,26.334617418967664,27.399017534565047
"Level2+: PK+lag+PD (H dose-dependent, gamma=0.25)",24h_half_life (r=0.5),0.3,15,3000,23.046792458249843,23.467121867454466,24.286506991742,25.008463382533634,25.811614211230776,27.053502019551253,27.94394705596539
"Level2+: PK+lag+PD (H dose-dependent, gamma=0.25)",24h_half_life (r=0.5),0.3,16,3000,24.282623215633972,24.64742230498975,25.354475920392527,25.972940150493194,26.652522872933552,27.688017788521538,28.409995540742994
"Level2+: PK+lag+PD (H dose-dependent, gamma=0.25)",24h_half_life (r=0.5),0.3,17,3000,25.48025463039933,25.782417804606318,26.366337837352884,26.872380239870253,27.421877689212312,28.248056333224866,28.808578703969292
"Level2+: PK+lag+PD (H dose-dependent, gamma=0.25)",24h_half_life (r=0.5),0.3,18,3000,26.639982144980273,26.873966332508147,27.324422689039135,27.710805002686932,28.126257974852493,28.742354541099104,29.149459195947795
"Level2+: PK+lag+PD (H dose-dependent, gamma=0.25)",24h_half_life (r=0.5),0.3,19,3000,27.76300378542593,27.923612932696475,28.23158484665167,28.49289887135597,28.77146601682583,29.178183691976972,29.44098877740627
"Level2+: PK+lag+PD (H dose-dependent, gamma=0.25)",24h_half_life (r=0.5),0.3,20,3000,28.850480514776358,28.933149277828957,29.090362811313884,29.222674641640694,29.362418073871183,29.563120106536296,29.690311306141055
"Level2+: PK+lag+PD (H dose-dependent, gamma=0.25)",24h_half_life (r=0.5),0.3,21,3000,29.90353697749193,29.903536977491942,29.90353697749195,29.90353697749196,29.903536977491974,29.903536977491978,29.903536977491992
"Level2+: PK+lag+PD (H dose-dependent, gamma=0.25)",24h_half_life (r=0.5),1.0,0,3000,0.0,0.0,0.0,0.0,0.0,0.0,0.0
"Level2+: PK+lag+PD (H dose-dependent, gamma=0.25)",24h_half_life (r=0.5),1.0,1,3000,2.3071097865483234,2.45105067101078,2.721340549074018,2.980450668497445,3.329876530631341,4.018730682640643,4.742155204931611
"Level2+: PK+lag+PD (H dose-dependent, gamma=0.25)",24h_half_life (r=0.5),1.0,2,3000,4.829367951791308,5.0974930005225465,5.611296901543407,6.115890060007317,6.781544573206858,8.07409334431986,9.382193529195435
"Level2+: PK+lag+PD (H dose-dependent, gamma=0.25)",24h_half_life (r=0.5),1.0,3,3000,7.361104486072001,7.751480774994403,8.48326614236425,9.207675026659494,10.134850962368738,11.9290408739984,13.648755443650524
"Level2+: PK+lag+PD (H dose-dependent, gamma=0.25)",24h_half_life (r=0.5),1.0,4,3000,9.904370748091237,10.358397170482716,11.274205811263036,12.18121107112837,13.314606716994438,15.478971065722718,17.52421092093244
"Level2+: PK+lag+PD (H dose-dependent, gamma=0.25)",24h_half_life (r=0.5),1.0,5,3000,12.391090149456462,12.898076836489869,13.969856564312472,15.023504335497766,16.308135449595632,18.774356296936304,21.07968875071236
"Level2+: PK+lag+PD (H dose-dependent, gamma=0.25)",24h_half_life (r=0.5),1.0,6,3000,14.830314289134641,15.383330175727021,16.57202905976168,17.727111137641728,19.14397705131428,21.743307907958922,24.237940873003176
"Level2+: PK+lag+PD (H dose-dependent, gamma=0.25)",24h_half_life (r=0.5),1.0,7,3000,17.21647095573624,17.80260392064626,19.07443110237329,20.298371458483913,21.78899871352269,24.499974674564253,27.046654204537866
"Level2+: PK+lag+PD (H dose-dependent, gamma=0.25)",24h_half_life (r=0.5),1.0,8,3000,19.535974179367003,20.158914386025284,21.473316387399166,22.73951710841453,24.27220932526336,27.00305455807716,29.54898054016878
"Level2+: PK+lag+PD (H dose-dependent, gamma=0.25)",24h_half_life (r=0.5),1.0,9,3000,21.798088836599693,22.447941409539236,23.786982760250353,25.06182158945252,26.596927245664844,29.300486889036897,31.763969120347426
"Level2+: PK+lag+PD (H dose-dependent, gamma=0.25)",24h_half_life (r=0.5),1.0,10,3000,24.028894038924097,24.670518718633577,26.007949702592914,27.265547188589117,28.775090632736067,31.412201497434438,33.75937850901632
"Level2+: PK+lag+PD (H dose-dependent, gamma=0.25)",24h_half_life (r=0.5),1.0,11,3000,26.197339240791866,26.832695879458495,28.140172299476145,29.360580239881298,30.815884555222947,33.33801380143729,35.51940965067923
"Level2+: PK+lag+PD (H dose-dependent, gamma=0.25)",24h_half_life (r=0.5),1.0,12,3000,28.316494700957133,28.93337159399775,30.18809073522494,31.35132137083164,32.72925899393697,35.09407590544771,37.084231695263654
"Level2+: PK+lag+PD (H dose-dependent, gamma=0.25)",24h_half_life (r=0.5),1.0,13,3000,30.387264380659495,30.97420911079433,32.15594522442937,33.24502496734709,34.51909461142776,36.69524373476607,38.478099590109835
"Level2+: PK+lag+PD (H dose-dependent, gamma=0.25)",24h_half_life (r=0.5),1.0,14,3000,32.41072772920082,32.956095539912845,34.04606301697667,35.04344389741096,36.20103787008505,38.155116375969115,39.71966060593095
"Level2+: PK+lag+PD (H dose-dependent, gamma=0.25)",24h_half_life (r=0.5),1.0,15,3000,34.38795279706535,34.88256502952637,35.86127709297422,36.750295099695904,37.77437128723778,39.4854624539452,40.825540043973724
"Level2+: PK+lag+PD (H dose-dependent, gamma=0.25)",24h_half_life (r=0.5),1.0,16,3000,36.322297598905415,36.7536308356139,37.603009997540035,38.3709235784745,39.24937178718433,40.69527715489929,41.81055702710006
"Level2+: PK+lag+PD (H dose-dependent, gamma=0.25)",24h_half_life (r=0.5),1.0,17,3000,38.2122037326589,38.571305538290886,39.27706939384281,39.91059641209708,40.63043119999009,41.799879980891404,42.68791642540697
"Level2+: PK+lag+PD (H dose-dependent, gamma=0.25)",24h_half_life (r=0.5),1.0,18,3000,40.05765659459408,40.337097502216714,40.88543943459636,41.373862130688195,41.92492373734336,42.80839403749612,43.469382550540004
"Level2+: PK+lag+PD (H dose-dependent, gamma=0.25)",24h_half_life (r=0.5),1.0,19,3000,41.85970064322486,42.0524610058717,42.42969616579967,42.76371346474012,43.13751253305903,43.72921202024892,44.16543523768111
"Level2+: PK+lag+PD (H dose-dependent, gamma=0.25)",24h_half_life (r=0.5),1.0,20,3000,43.61935637370895,43.7190620002986,43.912996587588175,44.08388041794619,44.2734378525326,44.56996717819607,44.785409553809245
"Level2+: PK+lag+PD (H dose-dependent, gamma=0.25)",24h_half_life (r=0.5),1.0,21,3000,45.3376205787781,45.337620578778115,45.33762057877812,45.337620578778136,45.33762057877815,45.337620578778164,45.33762057877817
"Level2+: PK+lag+PD (H dose-dependent, gamma=0.25)",36h_half_life (r=0.63),0.1,0,3000,0.0,0.0,0.0,0.0,0.0,0.0,0.0
"Level2+: PK+lag+PD (H dose-dependent, gamma=0.25)",36h_half_life (r=0.63),0.1,1,3000,0.6109984844377863,0.6685079689578153,0.7818742911240771,0.895167353956108,1.0452776060875624,1.3392261317194483,1.6523613764288558
"Level2+: PK+lag+PD (H dose-dependent, gamma=0.25)",36h_half_life (r=0.63),0.1,2,3000,1.5107233916780052,1.643167233627646,1.8997400497080914,2.160103440666833,2.4976958634760664,3.1443658928124676,3.7921264675980066
"Level2+: PK+lag+PD (H dose-dependent, gamma=0.25)",36h_half_life (r=0.63),0.1,3,3000,2.550082066372424,2.7525098753989736,3.155496369257962,3.5633942884579923,4.070127825148059,5.037499780387203,5.938017310230381
"Level2+: PK+lag+PD (H dose-dependent, gamma=0.25)",36h_half_life (r=0.63),0.1,4,3000,3.6424812241441633,3.9162642287062175,4.454358064833481,4.988377573908993,5.644032976003457,6.858202735222291,7.971759113754984
"Level2+: PK+lag+PD (H dose-dependent, gamma=0.25)",36h_half_life (r=0.63),0.1,5,3000,4.7649513961166,5.085825119355592,5.739974276295823,6.3756302570902985,7.1510170821415375,8.549367015252479,9.759662141131788
"Level2+: PK+lag+PD (H dose-dependent, gamma=0.25)",36h_half_life (r=0.63),0.1,6,3000,5.881619129159796,6.2355021249525615,6.979050692352947,7.695692843779732,8.551255939459041,10.055888757067352,11.306328845885645
"Level2+: PK+lag+PD (H dose-dependent, gamma=0.25)",36h_half_life (r=0.63),0.1,7,3000,6.966417307955549,7.354044361096445,8.16237601557821,8.934775078749446,9.836681813001636,11.391084751880998,12.649460263146853
"Level2+: PK+lag+PD (H dose-dependent, gamma=0.25)",36h_half_life (r=0.63),0.1,8,3000,8.021650871990625,8.43170107725292,9.279937860038212,10.078431997740202,11.007352999012287,12.562524723441195,13.779306793456508
"Level2+: PK+lag+PD (H dose-dependent, gamma=0.25)",36h_half_life (r=0.63),0.1,9,3000,9.053657507741113,9.46894534012425,10.334063992810705,11.137996832932119,12.064706416012193,13.565336841542162,14.721283801558565
"Level2+: PK+lag+PD (H dose-dependent, gamma=0.25)",36h_half_life (r=0.63),0.1,10,3000,10.036553750259689,10.455334608790544,11.322558480564513,12.114017071507915,13.009414560354879,14.430227911563128,15.501573358339437
"Level2+: PK+lag+PD (H dose-dependent, gamma=0.25)",36h_half_life (r=0.63),0.1,11,3000,10.978981746477308,11.399013956910498,12.243517722930616,13.007977570434827,13.858687920474326,15.17446232276419,16.144898199498947
"Level2+: PK+lag+PD (H dose-dependent, gamma=0.25)",36h_half_life (r=0.63),0.1,12,3000,11.892426106571817,12.300058832917365,13.105597047023151,13.82602545906293,14.616453829484364,15.816521466238205,16.673460225772473
"Level2+: PK+lag+PD (H dose-dependent, gamma=0.25)",36h_half_life (r=0.63),0.1,13,3000,12.770733611556004,13.155968394708074,13.909772620619455,14.574189285823287,15.29468536779285,16.362398254277966,17.10685980187236
"Level2+: PK+lag+PD (H dose-dependent, gamma=0.25)",36h_half_life (r=0.63),0.1,14,3000,13.616490005892814,13.971010937563955,14.659659747868423,15.258278918053216,15.900186065874333,16.833505511095403,17.462653342489546
"Level2+: PK+lag+PD (H dose-dependent, gamma=0.25)",36h_half_life (r=0.63),0.1,15,3000,14.429236548308197,14.746659324589945,15.35843415473188,15.883550246374174,16.44090594701691,17.23454523430888,17.751926856981555
"Level2+: PK+lag+PD (H dose-dependent, gamma=0.25)",36h_half_life (r=0.63),0.1,16,3000,15.208691667406248,15.482878688964323,16.009799454236923,16.4548811975113,16.921785495482748,17.575643728823984,17.986898512805745
"Level2+: PK+lag+PD (H dose-dependent, gamma=0.25)",36h_half_life (r=0.63),0.1,17,3000,15.956089378584299,16.18341348273385,16.61619925320448,16.977227248847527,17.351510499915733,17.865575054615572,18.178481976254137
"Level2+: PK+lag+PD (H dose-dependent, gamma=0.25)",36h_half_life (r=0.63),0.1,18,3000,16.672666517243243,16.84856663057191,17.18053144565879,17.45411199433532,17.733967447951528,18.111898396378468,18.3345990222455
"Level2+: PK+lag+PD (H dose-dependent, gamma=0.25)",36h_half_life (r=0.63),0.1,19,3000,17.359554589091854,17.480009583858266,17.705616586828242,17.889781227474327,18.075194921751915,18.321044691828117,18.46174914386916
"Level2+: PK+lag+PD (H dose-dependent, gamma=0.25)",36h_half_life (r=0.63),0.1,20,3000,18.01788535990266,18.079811410726297,18.194437785746885,18.287020001805175,18.379045368572797,18.498644878688157,18.56526703610263
"Level2+: PK+lag+PD (H dose-dependent, gamma=0.25)",36h_half_life (r=0.63),0.1,21,3000,18.649517684887424,18.649517684887435,18.64951768488745,18.64951768488746,18.649517684887467,18.649517684887485,18.649517684887496
"Level2+: PK+lag+PD (H dose-dependent, gamma=0.25)",36h_half_life (r=0.63),0.3,0,3000,0.0,0.0,0.0,0.0,0.0,0.0,0.0
"Level2+: PK+lag+PD (H dose-dependent, gamma=0.25)",36h_half_life (r=0.63),0.3,1,3000,1.2011158726794675,1.30056232514496,1.495562335040153,1.676894714149571,1.9269079328126055,2.411955963995107,2.946212984887265
"Level2+: PK+lag+PD (H dose-dependent, gamma=0.25)",36h_half_life (r=0.63),0.3,2,3000,2.7431388092081335,2.9562293635193413,3.3541280894663377,3.730677501733292,4.238469805224362,5.220134823385829,6.252615957219137
"Level2+: PK+lag+PD (H dose-dependent, gamma=0.25)",36h_half_life (r=0.63),0.3,3,3000,4.431164910186651,4.7321695937559145,5.319642794607262,5.875709642153177,6.614887187443473,8.001284748616078,9.450533242020818
"Level2+: PK+lag+PD (H dose-dependent, gamma=0.25)",36h_half_life (r=0.63),0.3,4,3000,6.139416563638375,6.5321521106669955,7.265390417284709,7.985691382608394,8.91089482617216,10.647924831815216,12.29604708277442
"Level2+: PK+lag+PD (H dose-dependent, gamma=0.25)",36h_half_life (r=0.63),0.3,5,3000,7.852727342088054,8.299421233669747,9.176603933422394,10.018106318287003,11.082999449348568,13.04515897877076,14.872339414698942
"Level2+: PK+lag+PD (H dose-dependent, gamma=0.25)",36h_half_life (r=0.63),0.3,6,3000,9.517462089635737,10.04230661728446,11.017560568787234,11.961225128579485,13.11955262611982,15.228633792283466,17.146260991454557
"Level2+: PK+lag+PD (H dose-dependent, gamma=0.25)",36h_half_life (r=0.63),0.3,7,3000,11.192400661751536,11.727122448139736,12.783301274810103,13.79456214155897,15.01817463529003,17.199304196580595,19.0975638370599
"Level2+: PK+lag+PD (H dose-dependent, gamma=0.25)",36h_half_life (r=0.63),0.3,8,3000,12.79599932388817,13.363297450248243,14.465939476627835,15.515346735919852,16.772366490843837,18.96896441761354,20.791948829839644
"Level2+: PK+lag+PD (H dose-dependent, gamma=0.25)",36h_half_life (r=0.63),0.3,9,3000,14.368647849012158,14.93707207663185,16.072655801252367,17.131117537396165,18.379331648349915,20.536737761265787,22.289217992327206
"Level2+: PK+lag+PD (H dose-dependent, gamma=0.25)",36h_half_life (r=0.63),0.3,10,3000,15.901953754166396,16.460239000979623,17.58880404002681,18.64502313543713,19.858208323451183,21.922756031765708,23.566612610626997
"Level2+: PK+lag+PD (H dose-dependent, gamma=0.25)",36h_half_life (r=0.63),0.3,11,3000,17.385000835374655,17.923808397788427,19.03339461290571,20.05998948769833,21.21738290980399,23.163259428637083,24.68494240256196
"Level2+: PK+lag+PD (H dose-dependent, gamma=0.25)",36h_half_life (r=0.63),0.3,12,3000,18.827485792983147,19.344065746972536,20.40264624776541,21.37484145742046,22.472876096076696,24.270704705128733,25.646841384384896
"Level2+: PK+lag+PD (H dose-dependent, gamma=0.25)",36h_half_life (r=0.63),0.3,13,3000,20.2161016286142,20.705360105132154,21.702315841736628,22.603161330196784,23.61996888196243,25.243059621479194,26.465408811013223
"Level2+: PK+lag+PD (H dose-dependent, gamma=0.25)",36h_half_life (r=0.63),0.3,14,3000,21.562814722080912,22.014580268656182,22.931829775531128,23.752492749891015,24.665756720651345,26.099930823946274,27.163749621344607
"Level2+: PK+lag+PD (H dose-dependent, gamma=0.25)",36h_half_life (r=0.63),0.3,15,3000,22.86848318515254,23.279699070902364,24.098004640905167,24.823732474985768,25.625504145908486,26.858991126754344,27.7610076650932
"Level2+: PK+lag+PD (H dose-dependent, gamma=0.25)",36h_half_life (r=0.63),0.3,16,3000,24.134224052675638,24.490105458575655,25.200601546244084,25.824973139099626,26.50404351925528,27.53066738335687,28.271588937737643
"Level2+: PK+lag+PD (H dose-dependent, gamma=0.25)",36h_half_life (r=0.63),0.3,17,3000,25.36137593170759,25.65893514480365,26.245287509089565,26.757773665475007,27.308271135313163,28.127072039740334,28.70790860327327
"Level2+: PK+lag+PD (H dose-dependent, gamma=0.25)",36h_half_life (r=0.63),0.3,18,3000,26.550409787007418,26.783101997452608,27.23681871401286,27.62700892660837,28.04498404253052,28.655498867251772,29.0807078743945
"Level2+: PK+lag+PD (H dose-dependent, gamma=0.25)",36h_half_life (r=0.63),0.3,19,3000,27.70315684414879,27.86352747437968,28.174426521536326,28.439771307426465,28.720086300514367,29.123014537925886,29.399179468817994
"Level2+: PK+lag+PD (H dose-dependent, gamma=0.25)",36h_half_life (r=0.63),0.3,20,3000,28.820508002863143,28.90332781617681,29.062463031280537,29.19683387656883,29.33790618327735,29.53698878853477,29.671205343013796
"Level2+: PK+lag+PD (H dose-dependent, gamma=0.25)",36h_half_life (r=0.63),0.3,21,3000,29.903536977491925,29.903536977491942,29.90353697749195,29.90353697749196,29.903536977491974,29.903536977491978,29.903536977491996
"Level2+: PK+lag+PD (H dose-dependent, gamma=0.25)",36h_half_life (r=0.63),1.0,0,3000,0.0,0.0,0.0,0.0,0.0,0.0,0.0
"Level2+: PK+lag+PD (H dose-dependent, gamma=0.25)",36h_half_life (r=0.63),1.0,1,3000,2.098148600105936,2.2365837877729344,2.4966254396693515,2.7341933943119923,3.063012888534776,3.6939615772478787,4.3870149501997
"Level2+: PK+lag+PD (H dose-dependent, gamma=0.25)",36h_half_life (r=0.63),1.0,2,3000,4.511198053084124,4.775044883622745,5.27650664834642,5.747314363469614,6.375805259232301,7.5889033516038795,8.88213443629904
"Level2+: PK+lag+PD (H dose-dependent, gamma=0.25)",36h_half_life (r=0.63),1.0,3,3000,7.001386497336624,7.389923468449227,8.08665053294811,8.76856406215187,9.65448161372272,11.377401768155348,13.0837655085511
"Level2+: PK+lag+PD (H dose-dependent, gamma=0.25)",36h_half_life (r=0.63),1.0,4,3000,9.508293453567715,9.973946207993503,10.853585582274171,11.703763883248582,12.804177991033932,14.901967199926991,16.952733979535754
"Level2+: PK+lag+PD (H dose-dependent, gamma=0.25)",36h_half_life (r=0.63),1.0,5,3000,11.98330032368432,12.525440954367012,13.554594182408575,14.556172309265797,15.813861833072743,18.192639331972796,20.419568218970902
"Level2+: PK+lag+PD (H dose-dependent, gamma=0.25)",36h_half_life (r=0.63),1.0,6,3000,14.407736562224,15.020089792950166,16.170075934365062,17.281423574070836,18.665500198117957,21.241281844964718,23.57017545122468
"Level2+: PK+lag+PD (H dose-dependent, gamma=0.25)",36h_half_life (r=0.63),1.0,7,3000,16.821632831700402,17.45609385478479,18.68985776579155,19.884869300851598,21.347056303802216,24.023263630877235,26.42142300139162
"Level2+: PK+lag+PD (H dose-dependent, gamma=0.25)",36h_half_life (r=0.63),1.0,8,3000,19.174522900567773,19.826186200092906,21.1239407665609,22.365193087548924,23.85978879854143,26.570766428130575,28.95947724334982
"Level2+: PK+lag+PD (H dose-dependent, gamma=0.25)",36h_half_life (r=0.63),1.0,9,3000,21.481207032572417,22.13226487836523,23.459148403159187,24.72574635834772,26.21752771207124,28.91569198478961,31.270104112251698
"Level2+: PK+lag+PD (H dose-dependent, gamma=0.25)",36h_half_life (r=0.63),1.0,10,3000,23.728481167491687,24.381563403846783,25.706997764828632,26.964139469179933,28.43926357176002,31.076434165987052,33.33432631591029
"Level2+: PK+lag+PD (H dose-dependent, gamma=0.25)",36h_half_life (r=0.63),1.0,11,3000,25.9391224294855,26.564838095858477,27.871939570484145,29.0939113617564,30.534124517063645,33.02195426018443,35.16787541675839
"Level2+: PK+lag+PD (H dose-dependent, gamma=0.25)",36h_half_life (r=0.63),1.0,12,3000,28.097727830448015,28.69818210670335,29.95008766646894,31.119942604221432,32.48173847626175,34.796949216071255,36.79270391622266
"Level2+: PK+lag+PD (H dose-dependent, gamma=0.25)",36h_half_life (r=0.63),1.0,13,3000,30.19507842270752,30.76082686934849,31.947907111603037,33.04228859791505,34.30976001567042,36.436636717581024,38.239629862803234
"Level2+: PK+lag+PD (H dose-dependent, gamma=0.25)",36h_half_life (r=0.63),1.0,14,3000,32.24412722530003,32.77245097924936,33.86643511664408,34.869325034306556,36.020925117156345,37.93445557077195,39.52769594354121
"Level2+: PK+lag+PD (H dose-dependent, gamma=0.25)",36h_half_life (r=0.63),1.0,15,3000,34.24480686568957,34.726686722036305,35.70719146339809,36.603651697870646,37.62785109955803,39.29773768826347,40.67415453988856
"Level2+: PK+lag+PD (H dose-dependent, gamma=0.25)",36h_half_life (r=0.63),1.0,16,3000,36.197651756258075,36.6255105579856,37.47855156270157,38.25090761186941,39.12972521370893,40.543744929137304,41.69443956220205
"Level2+: PK+lag+PD (H dose-dependent, gamma=0.25)",36h_half_life (r=0.63),1.0,17,3000,38.11085551512506,38.469733096115206,39.18058785535947,39.81806877916558,40.5370539775316,41.683246579694085,42.602339789219755
"Level2+: PK+lag+PD (H dose-dependent, gamma=0.25)",36h_half_life (r=0.63),1.0,18,3000,39.984146536651856,40.260696450545794,40.814126383326595,41.305959405843964,41.85778213566375,42.724884786953915,43.40848090744538
"Level2+: PK+lag+PD (H dose-dependent, gamma=0.25)",36h_half_life (r=0.63),1.0,19,3000,41.810004535299555,42.00217333560256,42.38340047795615,42.71922024498929,43.09368696183313,43.677107658531554,44.12701381211375
"Level2+: PK+lag+PD (H dose-dependent, gamma=0.25)",36h_half_life (r=0.63),1.0,20,3000,43.5941815788809,43.694026502467445,43.89027197609877,44.06199708205122,44.25221236266532,44.54568357949274,44.76802299360596
"Level2+: PK+lag+PD (H dose-dependent, gamma=0.25)",36h_half_life (r=0.63),1.0,21,3000,45.3376205787781,45.337620578778115,45.33762057877812,45.337620578778136,45.33762057877815,45.33762057877815,45.33762057877817
Level2: PK+lag+PD (H dose-independent),24h_half_life (r=0.5),0.1,0,3000,0.0,0.0,0.0,0.0,0.0,0.0,0.0
Level2: PK+lag+PD (H dose-independent),24h_half_life (r=0.5),0.1,1,3000,0.7127007611444625,0.7668523488074063,0.8723833122329221,0.9772197552397455,1.1173589116633278,1.3939294377991984,1.6857591857976368
Level2: PK+lag+PD (H dose-independent),24h_half_life (r=0.5),0.1,2,3000,1.6825365091948652,1.7969080806971693,2.026293472016642,2.260033004600551,2.5560450641118586,3.14305858414093,3.7251771246850462
Level2: PK+lag+PD (H dose-independent),24h_half_life (r=0.5),0.1,3,3000,2.7408064642603915,2.918154706984259,3.269075082893563,3.6197128315534104,4.065997252028154,4.9235450399120975,5.733486571821817
Level2: PK+lag+PD (H dose-independent),24h_half_life (r=0.5),0.1,4,3000,3.8358022901460727,4.053389882104948,4.511291867749147,4.967919003932147,5.533502844206652,6.605554852785596,7.603054473079297
Level2: PK+lag+PD (H dose-independent),24h_half_life (r=0.5),0.1,5,3000,4.9202244392284165,5.176508511162561,5.722945058107845,6.261599964061089,6.923434322395266,8.15144507067552,9.272067682008917
Level2: PK+lag+PD (H dose-independent),24h_half_life (r=0.5),0.1,6,3000,5.983521571288084,6.273023384360142,6.8858355138325535,7.4845331625516724,8.2156487303277,9.531788229719071,10.729949799748336
Level2: PK+lag+PD (H dose-independent),24h_half_life (r=0.5),0.1,7,3000,7.023768167012802,7.332209528704067,7.995403108316671,8.635437995112142,9.405624719624175,10.770281293599746,11.992520168654028
Level2: PK+lag+PD (H dose-independent),24h_half_life (r=0.5),0.1,8,3000,8.023903046812151,8.356850916492201,9.049421630449421,9.711815911882667,10.500002586147284,11.87898557636719,13.080935538860354
Level2: PK+lag+PD (H dose-independent),24h_half_life (r=0.5),0.1,9,3000,9.001543862698659,9.3448051700559,10.050108634177414,10.716859336425578,11.505633169843223,12.865713689446613,14.008273162502025
Level2: PK+lag+PD (H dose-independent),24h_half_life (r=0.5),0.1,10,3000,9.952003289922297,10.296401293612334,10.999508573964134,11.65595214589019,12.426809811970331,13.738431480525014,14.802543836042883
Level2: PK+lag+PD (H dose-independent),24h_half_life (r=0.5),0.1,11,3000,10.875450196489222,11.212330894971336,11.899972138818008,12.533518697387107,13.270773183653366,14.508392073366482,15.480297696096226
Level2: PK+lag+PD (H dose-independent),24h_half_life (r=0.5),0.1,12,3000,11.769907260042485,12.094618319541954,12.752547492963819,13.35421611219364,14.046494461392076,15.188347509013099,16.06019843078849
Level2: PK+lag+PD (H dose-independent),24h_half_life (r=0.5),0.1,13,3000,12.636172541674588,12.942258012685135,13.559001283942802,14.118494713039379,14.755109586365698,15.787598011521654,16.556365672738803
Level2: PK+lag+PD (H dose-independent),24h_half_life (r=0.5),0.1,14,3000,13.47383412224759,13.757146883812856,14.323663278223457,14.83103254344001,15.404180598442583,16.316343265038935,16.98080959411151
Level2: PK+lag+PD (H dose-independent),24h_half_life (r=0.5),0.1,15,3000,14.284864065582333,14.54130785594715,15.047741847140156,15.496786893825405,15.998671939762954,16.7839827603309,17.34385799301798
Level2: PK+lag+PD (H dose-independent),24h_half_life (r=0.5),0.1,16,3000,15.070759022715873,15.295410881518213,15.733143016159781,16.117744987838428,16.54314764050138,17.197560411090198,17.654371623706492
Level2: PK+lag+PD (H dose-independent),24h_half_life (r=0.5),0.1,17,3000,15.832291783396522,16.02014174206564,16.382090139366344,16.696910683365076,17.042070724131616,17.563317135589216,17.919942477771585
Level2: PK+lag+PD (H dose-independent),24h_half_life (r=0.5),0.1,18,3000,16.57021446924758,16.716753701598268,16.996181207174182,17.237333477770566,17.498724506874023,17.886777887144277,18.147070418990364
Level2: PK+lag+PD (H dose-independent),24h_half_life (r=0.5),0.1,19,3000,17.28525752744869,17.386503612465095,17.577679013133277,17.74135133335043,17.91669396159595,18.17283154007632,18.341317774598576
Level2: PK+lag+PD (H dose-independent),24h_half_life (r=0.5),0.1,20,3000,17.978129579235045,18.030426434141276,18.12821230158781,18.211204772846962,18.299278637415163,18.42580299671978,18.5074433093499
Level2: PK+lag+PD (H dose-independent),24h_half_life (r=0.5),0.1,21,3000,18.649517684887414,18.649517684887435,18.64951768488745,18.64951768488746,18.649517684887467,18.649517684887485,18.649517684887506
Level2: PK+lag+PD (H dose-independent),24h_half_life (r=0.5),0.3,0,3000,0.0,0.0,0.0,0.0,0.0,0.0,0.0
Level2: PK+lag+PD (H dose-independent),24h_half_life (r=0.5),0.3,1,3000,1.4113871870904673,1.5271015804467107,1.7476690400639439,1.9594742466396637,2.246740614341006,2.8133758208663937,3.4217682769438316
Level2: PK+lag+PD (H dose-independent),24h_half_life (r=0.5),0.3,2,3000,3.1027780577085124,3.3337889775886165,3.7667019052946853,4.19784628995215,4.765281282891941,5.8705442928973,6.968932055341569
Level2: PK+lag+PD (H dose-independent),24h_half_life (r=0.5),0.3,3,3000,4.8548498099124755,5.182554001503507,5.810474389193091,6.436041489306808,7.231754044776512,8.761546335695355,10.257292669442323
Level2: PK+lag+PD (H dose-independent),24h_half_life (r=0.5),0.3,4,3000,6.61425610640182,7.008223230925893,7.808801172073144,8.594901577062014,9.58253979150338,11.44223612036774,13.130429749414192
Level2: PK+lag+PD (H dose-independent),24h_half_life (r=0.5),0.3,5,3000,8.333001619516105,8.788762407185533,9.725088011877649,10.637725589513192,11.757305717808919,13.832277188824513,15.682966040439554
Level2: PK+lag+PD (H dose-independent),24h_half_life (r=0.5),0.3,6,3000,10.020403236463688,10.510638683443762,11.54889605256381,12.559996445242398,13.766757118760923,15.980978080570454,17.92492507623449
Level2: PK+lag+PD (H dose-independent),24h_half_life (r=0.5),0.3,7,3000,11.662505332390284,12.182123363284198,13.287519234201069,14.34864848091248,15.628180972827321,17.888528238966337,19.849378786811926
Level2: PK+lag+PD (H dose-independent),24h_half_life (r=0.5),0.3,8,3000,13.243904153445706,13.787172422500118,14.935888221826993,16.025455984899633,17.32288304825261,19.56349435763585,21.493232931847327
Level2: PK+lag+PD (H dose-independent),24h_half_life (r=0.5),0.3,9,3000,14.778064972390498,15.332714250905266,16.496146636968763,17.592450879054862,18.876885619261273,21.055446664157014,22.900010857823755
Level2: PK+lag+PD (H dose-independent),24h_half_life (r=0.5),0.3,10,3000,16.265542589206277,16.824349734207658,17.978802902745414,19.052750556369446,20.303062223960513,22.37529178095723,24.10287751600718
Level2: PK+lag+PD (H dose-independent),24h_half_life (r=0.5),0.3,11,3000,17.70751612098321,18.25587598527484,19.380889244238823,20.41425065143323,21.606305227254477,23.552365137789565,25.130789525196516
Level2: PK+lag+PD (H dose-independent),24h_half_life (r=0.5),0.3,12,3000,19.105343452387903,19.638964414834387,20.709143988751016,21.68424760580587,22.799166972696618,24.59751247647067,26.008864368717642
Level2: PK+lag+PD (H dose-independent),24h_half_life (r=0.5),0.3,13,3000,20.460380275537396,20.963928841328475,21.966411689408652,22.86959922967779,23.89193415422259,25.520171464267438,26.758875428371976
Level2: PK+lag+PD (H dose-independent),24h_half_life (r=0.5),0.3,14,3000,21.77377651428123,22.239660584381426,23.15765640362307,23.9758937173653,24.89360041023896,26.334617418967664,27.399017534565047
Level2: PK+lag+PD (H dose-independent),24h_half_life (r=0.5),0.3,15,3000,23.046792458249843,23.467121867454466,24.286506991742,25.008463382533634,25.811614211230776,27.053502019551253,27.94394705596539
Level2: PK+lag+PD (H dose-independent),24h_half_life (r=0.5),0.3,16,3000,24.282623215633972,24.64742230498975,25.354475920392527,25.972940150493194,26.652522872933552,27.688017788521538,28.409995540742994
Level2: PK+lag+PD (H dose-independent),24h_half_life (r=0.5),0.3,17,3000,25.48025463039933,25.782417804606318,26.366337837352884,26.872380239870253,27.421877689212312,28.248056333224866,28.808578703969292
Level2: PK+lag+PD (H dose-independent),24h_half_life (r=0.5),0.3,18,3000,26.639982144980273,26.873966332508147,27.324422689039135,27.710805002686932,28.126257974852493,28.742354541099104,29.149459195947795
Level2: PK+lag+PD (H dose-independent),24h_half_life (r=0.5),0.3,19,3000,27.76300378542593,27.923612932696475,28.23158484665167,28.49289887135597,28.77146601682583,29.178183691976972,29.44098877740627
Level2: PK+lag+PD (H dose-independent),24h_half_life (r=0.5),0.3,20,3000,28.850480514776358,28.933149277828957,29.090362811313884,29.222674641640694,29.362418073871183,29.563120106536296,29.690311306141055
Level2: PK+lag+PD (H dose-independent),24h_half_life (r=0.5),0.3,21,3000,29.90353697749193,29.903536977491942,29.90353697749195,29.90353697749196,29.903536977491974,29.903536977491978,29.903536977491992
Level2: PK+lag+PD (H dose-independent),24h_half_life (r=0.5),1.0,0,3000,0.0,0.0,0.0,0.0,0.0,0.0,0.0
Level2: PK+lag+PD (H dose-independent),24h_half_life (r=0.5),1.0,1,3000,2.4781280956495935,2.6845755979647707,3.0564390495735734,3.4310921575394984,3.9295183239733062,4.922178901952603,5.93661093516661
Level2: PK+lag+PD (H dose-independent),24h_half_life (r=0.5),1.0,2,3000,5.164558249105143,5.541644973326147,6.268046175510733,6.989024109883115,7.925491446385912,9.751390008276868,11.522399510281032
Level2: PK+lag+PD (H dose-independent),24h_half_life (r=0.5),1.0,3,3000,7.87756238233843,8.379162300543431,9.403705566645701,10.42905264921935,11.721939789441993,14.193538938720314,16.507405846383936
Level2: PK+lag+PD (H dose-independent),24h_half_life (r=0.5),1.0,4,3000,10.531163187182521,11.134452608949148,12.41523826508258,13.68159766491285,15.232162261914464,18.18084885082991,20.881350877514116
Level2: PK+lag+PD (H dose-independent),24h_half_life (r=0.5),1.0,5,3000,13.144004101368441,13.818515928492236,15.289072655857584,16.732661991614442,18.49952415432364,21.719186320912122,24.70844882542578
Level2: PK+lag+PD (H dose-independent),24h_half_life (r=0.5),1.0,6,3000,15.65305668452043,16.40459714901124,18.016275541383152,19.58506634454119,21.48427770061651,24.88256502777506,27.966490250551793
Level2: PK+lag+PD (H dose-independent),24h_half_life (r=0.5),1.0,7,3000,18.07794165032288,18.900254386346987,20.610356179634778,22.24821507103071,24.22127999420092,27.67220048293832,30.757712914680674
Level2: PK+lag+PD (H dose-independent),24h_half_life (r=0.5),1.0,8,3000,20.455329729426975,21.30002682538892,23.066577905029625,24.734863851083688,26.731992993632204,30.16006248624165,33.12853438609639
Level2: PK+lag+PD (H dose-independent),24h_half_life (r=0.5),1.0,9,3000,22.74737505583663,23.612403307250627,25.39173306338775,27.05591360113742,29.030456415596348,32.377249067337004,35.18392807300536
Level2: PK+lag+PD (H dose-independent),24h_half_life (r=0.5),1.0,10,3000,24.969505278771262,25.836902051632343,27.59573158395068,29.224644344313585,31.136710120971106,34.33541602255326,36.92555487069428
Level2: PK+lag+PD (H dose-independent),24h_half_life (r=0.5),1.0,11,3000,27.12350981001654,27.97476751725983,29.684213979958848,31.251085738439162,33.062252276379304,36.064334967973004,38.40861225701297
Level2: PK+lag+PD (H dose-independent),24h_half_life (r=0.5),1.0,12,3000,29.212746170441328,30.033254034313906,31.661396491620298,33.14008005443904,34.83222226286486,37.59060123873607,39.67716046190864
Level2: PK+lag+PD (H dose-independent),24h_half_life (r=0.5),1.0,13,3000,31.24331182000279,32.011621356782534,33.52947754543531,34.89957048091581,36.450187559596344,38.937597818035755,40.76215537546757
Level2: PK+lag+PD (H dose-independent),24h_half_life (r=0.5),1.0,14,3000,33.20964787633743,33.91431191261074,35.30330226679885,36.54165474837411,37.9318485828465,40.12031653768405,41.69011721238082
Level2: PK+lag+PD (H dose-independent),24h_half_life (r=0.5),1.0,15,3000,35.113766476263166,35.744188519022565,36.98130147718934,38.0750291718618,39.2889908971042,41.16616852989042,42.48375406924201
Level2: PK+lag+PD (H dose-independent),24h_half_life (r=0.5),1.0,16,3000,36.9576265039681,37.50524336141601,38.57069867755628,39.50582196052288,40.53167509688983,42.09098507324788,43.16250007572606
Level2: PK+lag+PD (H dose-independent),24h_half_life (r=0.5),1.0,17,3000,38.74291578483301,39.19695526854531,40.07648193555569,40.84008964668856,41.66952734522088,42.90884559529508,43.74298252296849
Level2: PK+lag+PD (H dose-independent),24h_half_life (r=0.5),1.0,18,3000,40.47028572857761,40.823411235481856,41.50160661372922,42.08442946185569,42.712604415692795,43.632118799876174,44.239424803192556
Level2: PK+lag+PD (H dose-independent),24h_half_life (r=0.5),1.0,19,3000,42.144094815226325,42.387453750042276,42.850399102997955,43.244997273632336,43.665999768604436,44.27174289305236,44.66399273166569
Level2: PK+lag+PD (H dose-independent),24h_half_life (r=0.5),1.0,20,3000,43.76600340070099,43.89150384730327,44.128117098412204,44.32765579895455,44.538705643929376,44.837391706347475,45.02709158759083
Level2: PK+lag+PD (H dose-independent),24h_half_life (r=0.5),1.0,21,3000,45.33762057877811,45.337620578778115,45.33762057877812,45.337620578778136,45.33762057877815,45.33762057877815,45.337620578778164
Level2: PK+lag+PD (H dose-independent),36h_half_life (r=0.63),0.1,0,3000,0.0,0.0,0.0,0.0,0.0,0.0,0.0
Level2: PK+lag+PD (H dose-independent),36h_half_life (r=0.63),0.1,1,3000,0.5616868418158437,0.6049979923146066,0.6889557090469041,0.7693226538019282,0.8775095824340919,1.095779604086078,1.3230939974653109
Level2: PK+lag+PD (H dose-independent),36h_half_life (r=0.63),0.1,2,3000,1.3969724606331617,1.495578992780979,1.686339133227731,1.8738848450587333,2.1209377274822203,2.599446026109993,3.1029597700044405
Level2: PK+lag+PD (H dose-independent),36h_half_life (r=0.63),0.1,3,3000,2.3676310059606593,2.522184114359854,2.8183413579437504,3.115379091158825,3.4968943208467724,4.229809740211125,4.94128104349438
Level2: PK+lag+PD (H dose-independent),36h_half_life (r=0.63),0.1,4,3000,3.40376829637376,3.604447558310987,4.0024612190574915,4.402129558520842,4.895623438726662,5.839409184078209,6.738161954875501
Level2: PK+lag+PD (H dose-independent),36h_half_life (r=0.63),0.1,5,3000,4.458038104717923,4.705739883329625,5.192935717040917,5.67344156787904,6.264448385686544,7.373135023019093,8.390138751599421
Level2: PK+lag+PD (H dose-independent),36h_half_life (r=0.63),0.1,6,3000,5.521952016736534,5.801833351117745,6.3623378854689845,6.906540045549797,7.571886438625404,8.794983265193226,9.868424440836684
Level2: PK+lag+PD (H dose-independent),36h_half_life (r=0.63),0.1,7,3000,6.5785555316453594,6.876569143643789,7.490662479321934,8.085154226590962,8.800046679082921,10.082199585305018,11.204973872399457
Level2: PK+lag+PD (H dose-independent),36h_half_life (r=0.63),0.1,8,3000,7.612210235728988,7.9256202294370315,8.576417276094672,9.205004510833223,9.944476486185497,11.262881095202264,12.378614660449406
Level2: PK+lag+PD (H dose-independent),36h_half_life (r=0.63),0.1,9,3000,8.617911060403642,8.943715967391158,9.616071271920184,10.253883845147712,11.006458298833659,12.310941936595663,13.400179891826614
Level2: PK+lag+PD (H dose-independent),36h_half_life (r=0.63),0.1,10,3000,9.597913005281622,9.927403267154785,10.604396758455303,11.240337187813699,11.986926723097636,13.244136340738338,14.28459169734639
Level2: PK+lag+PD (H dose-independent),36h_half_life (r=0.63),0.1,11,3000,10.558585927735049,10.879767183977217,11.546360456897709,12.165982844578082,12.883889933537741,14.07522656911773,15.047381216386096
Level2: PK+lag+PD (H dose-independent),36h_half_life (r=0.63),0.1,12,3000,11.483830440410694,11.794664279043372,12.440540487588873,13.032615106102025,13.711630863835188,14.817580333031614,15.703515820770761
Level2: PK+lag+PD (H dose-independent),36h_half_life (r=0.63),0.1,13,3000,12.377458240018338,12.677202109198658,13.286352791283797,13.841595224994876,14.467868769319528,15.475110691361673,16.267292971151456
Level2: PK+lag+PD (H dose-independent),36h_half_life (r=0.63),0.1,14,3000,13.246876902485544,13.528837896575439,14.089917650191744,14.596841036918132,15.163465692925836,16.060514262666235,16.75205683132357
Level2: PK+lag+PD (H dose-independent),36h_half_life (r=0.63),0.1,15,3000,14.092271900180315,14.348148561610317,14.851766908817615,15.301862194220881,15.801355871130218,16.580754359192003,17.165495891466104
Level2: PK+lag+PD (H dose-independent),36h_half_life (r=0.63),0.1,16,3000,14.912027798998748,15.135789004190707,15.573187589256985,15.960150691383276,16.3856096583608,17.040603250468358,17.518313329293072
Level2: PK+lag+PD (H dose-independent),36h_half_life (r=0.63),0.1,17,3000,15.707592100278209,15.894322070465758,16.25737032471964,16.574560002630484,16.92125025775384,17.4468977598974,17.820212571894857
Level2: PK+lag+PD (H dose-independent),36h_half_life (r=0.63),0.1,18,3000,16.478820255037416,16.624126832514836,16.904899774728936,17.1482125793031,17.411485633957017,17.805765704884656,18.078459030762026
Level2: PK+lag+PD (H dose-independent),36h_half_life (r=0.63),0.1,19,3000,17.225728226100408,17.325673593680644,17.51851052770228,17.68367854815257,17.860972050436505,18.12267447354385,18.29931012549675
Level2: PK+lag+PD (H dose-independent),36h_half_life (r=0.63),0.1,20,3000,17.949052252971878,18.00057778593824,18.099477597659092,18.18331449926864,18.272495180455106,18.40245246307787,18.488113217136647
Level2: PK+lag+PD (H dose-independent),36h_half_life (r=0.63),0.1,21,3000,18.649517684887414,18.649517684887424,18.64951768488745,18.64951768488746,18.649517684887467,18.649517684887485,18.649517684887506
Level2: PK+lag+PD (H dose-independent),36h_half_life (r=0.63),0.3,0,3000,0.0,0.0,0.0,0.0,0.0,0.0,0.0
Level2: PK+lag+PD (H dose-independent),36h_half_life (r=0.63),0.3,1,3000,1.2011158726794675,1.30056232514496,1.495562335040153,1.676894714149571,1.9269079328126055,2.411955963995107,2.946212984887265
Level2: PK+lag+PD (H dose-independent),36h_half_life (r=0.63),0.3,2,3000,2.7431388092081335,2.9562293635193413,3.3541280894663377,3.730677501733292,4.238469805224362,5.220134823385829,6.252615957219137
Level2: PK+lag+PD (H dose-independent),36h_half_life (r=0.63),0.3,3,3000,4.431164910186651,4.7321695937559145,5.319642794607262,5.875709642153177,6.614887187443473,8.001284748616078,9.450533242020818
Level2: PK+lag+PD (H dose-independent),36h_half_life (r=0.63),0.3,4,3000,6.139416563638375,6.5321521106669955,7.265390417284709,7.985691382608394,8.91089482617216,10.647924831815216,12.29604708277442
Level2: PK+lag+PD (H dose-independent),36h_half_life (r=0.63),0.3,5,3000,7.852727342088054,8.299421233669747,9.176603933422394,10.018106318287003,11.082999449348568,13.04515897877076,14.872339414698942
Level2: PK+lag+PD (H dose-independent),36h_half_life (r=0.63),0.3,6,3000,9.517462089635737,10.04230661728446,11.017560568787234,11.961225128579485,13.11955262611982,15.228633792283466,17.146260991454557
Level2: PK+lag+PD (H dose-independent),36h_half_life (r=0.63),0.3,7,3000,11.192400661751536,11.727122448139736,12.783301274810103,13.79456214155897,15.01817463529003,17.199304196580595,19.0975638370599
Level2: PK+lag+PD (H dose-independent),36h_half_life (r=0.63),0.3,8,3000,12.79599932388817,13.363297450248243,14.465939476627835,15.515346735919852,16.772366490843837,18.96896441761354,20.791948829839644
Level2: PK+lag+PD (H dose-independent),36h_half_life (r=0.63),0.3,9,3000,14.368647849012158,14.93707207663185,16.072655801252367,17.131117537396165,18.379331648349915,20.536737761265787,22.289217992327206
Level2: PK+lag+PD (H dose-independent),36h_half_life (r=0.63),0.3,10,3000,15.901953754166396,16.460239000979623,17.58880404002681,18.64502313543713,19.858208323451183,21.922756031765708,23.566612610626997
Level2: PK+lag+PD (H dose-independent),36h_half_life (r=0.63),0.3,11,3000,17.385000835374655,17.923808397788427,19.03339461290571,20.05998948769833,21.21738290980399,23.163259428637083,24.68494240256196
Level2: PK+lag+PD (H dose-independent),36h_half_life (r=0.63),0.3,12,3000,18.827485792983147,19.344065746972536,20.40264624776541,21.37484145742046,22.472876096076696,24.270704705128733,25.646841384384896
Level2: PK+lag+PD (H dose-independent),36h_half_life (r=0.63),0.3,13,3000,20.2161016286142,20.705360105132154,21.702315841736628,22.603161330196784,23.61996888196243,25.243059621479194,26.465408811013223
Level2: PK+lag+PD (H dose-independent),36h_half_life (r=0.63),0.3,14,3000,21.562814722080912,22.014580268656182,22.931829775531128,23.752492749891015,24.665756720651345,26.099930823946274,27.163749621344607
Level2: PK+lag+PD (H dose-independent),36h_half_life (r=0.63),0.3,15,3000,22.86848318515254,23.279699070902364,24.098004640905167,24.823732474985768,25.625504145908486,26.858991126754344,27.7610076650932
Level2: PK+lag+PD (H dose-independent),36h_half_life (r=0.63),0.3,16,3000,24.134224052675638,24.490105458575655,25.200601546244084,25.824973139099626,26.50404351925528,27.53066738335687,28.271588937737643
Level2: PK+lag+PD (H dose-independent),36h_half_life (r=0.63),0.3,17,3000,25.36137593170759,25.65893514480365,26.245287509089565,26.757773665475007,27.308271135313163,28.127072039740334,28.70790860327327
Level2: PK+lag+PD (H dose-independent),36h_half_life (r=0.63),0.3,18,3000,26.550409787007418,26.783101997452608,27.23681871401286,27.62700892660837,28.04498404253052,28.655498867251772,29.0807078743945
Level2: PK+lag+PD (H dose-independent),36h_half_life (r=0.63),0.3,19,3000,27.70315684414879,27.86352747437968,28.174426521536326,28.439771307426465,28.720086300514367,29.123014537925886,29.399179468817994
Level2: PK+lag+PD (H dose-independent),36h_half_life (r=0.63),0.3,20,3000,28.820508002863143,28.90332781617681,29.062463031280537,29.19683387656883,29.33790618327735,29.53698878853477,29.671205343013796
Level2: PK+lag+PD (H dose-independent),36h_half_life (r=0.63),0.3,21,3000,29.903536977491925,29.903536977491942,29.90353697749195,29.90353697749196,29.903536977491974,29.903536977491978,29.903536977491996
Level2: PK+lag+PD (H dose-independent),36h_half_life (r=0.63),1.0,0,3000,0.0,0.0,0.0,0.0,0.0,0.0,0.0
Level2: PK+lag+PD (H dose-independent),36h_half_life (r=0.63),1.0,1,3000,2.2608399340014502,2.444008570201105,2.800321345121244,3.1393638901490495,3.6050551348365634,4.507051257283111,5.486611167104873
Level2: PK+lag+PD (H dose-independent),36h_half_life (r=0.63),1.0,2,3000,4.8309203204425035,5.205291411445888,5.884738075080803,6.553593669788787,7.442656903850377,9.164249415508696,10.904445446365406
Level2: PK+lag+PD (H dose-independent),36h_half_life (r=0.63),1.0,3,3000,7.489819604195023,7.985962980494006,8.956412561769643,9.907647487731563,11.143786155989082,13.52288042897408,15.82447081725032
Level2: PK+lag+PD (H dose-independent),36h_half_life (r=0.63),1.0,4,3000,10.090613019187144,10.735794216065733,11.955588782437957,13.146743230250603,14.653904442261396,17.48636658658884,20.135387629110465
Level2: PK+lag+PD (H dose-independent),36h_half_life (r=0.63),1.0,5,3000,12.681642533506015,13.409352110190776,14.831582743893303,16.208648485344217,17.930419535437537,21.084126610149237,23.881890466503275
Level2: PK+lag+PD (H dose-independent),36h_half_life (r=0.63),1.0,6,3000,15.221772635391787,16.007763606625556,17.578294793405277,19.09750758945978,20.948290540776817,24.287373002972803,27.203851745468928
Level2: PK+lag+PD (H dose-independent),36h_half_life (r=0.63),1.0,7,3000,17.693625014830467,18.508994065761463,20.19310293318307,21.807850531775507,23.721683969620546,27.137153720731728,30.040743773445307
Level2: PK+lag+PD (H dose-independent),36h_half_life (r=0.63),1.0,8,3000,20.088772268048967,20.931349481921828,22.67562877110534,24.335135577431043,26.27008931135543,29.685073958971437,32.51467604482541
Level2: PK+lag+PD (H dose-independent),36h_half_life (r=0.63),1.0,9,3000,22.430691858432187,23.2694465580439,25.038922392616584,26.696639983428106,28.63864819431406,31.962769070646505,34.66404059118312
Level2: PK+lag+PD (H dose-independent),36h_half_life (r=0.63),1.0,10,3000,24.6872734698692,25.520335056213177,27.273921098368575,28.90625312087874,30.79276940067932,33.93887812161748,36.50366208759793
Level2: PK+lag+PD (H dose-independent),36h_half_life (r=0.63),1.0,11,3000,26.869056110038056,27.690060170691876,29.39942743119026,30.968717371008246,32.76654158660742,35.6980894839068,38.06374230478284
Level2: PK+lag+PD (H dose-independent),36h_half_life (r=0.63),1.0,12,3000,28.97777502489361,29.779624989873117,31.404569237732055,32.89071992602227,34.57410157257378,37.27745809789466,39.39864696755726
Level2: PK+lag+PD (H dose-independent),36h_half_life (r=0.63),1.0,13,3000,31.022483336115904,31.790028474938698,33.3105138543434,34.68432036813746,36.23369490659429,38.665697335201486,40.540174310415665
Level2: PK+lag+PD (H dose-independent),36h_half_life (r=0.63),1.0,14,3000,33.02474399906251,33.71963786572343,35.11622808778592,36.3612774179588,37.74754235354943,39.893681299680935,41.51594028646445
Level2: PK+lag+PD (H dose-independent),36h_half_life (r=0.63),1.0,15,3000,34.95238743316487,35.5798423594182,36.82703111835983,37.92528156397425,39.13888938225037,40.98210263631539,42.34979601025754
Level2: PK+lag+PD (H dose-independent),36h_half_life (r=0.63),1.0,16,3000,36.82094584444083,37.36901456540347,38.444915784367446,39.382653041196335,40.411278960186955,41.94730270816385,43.06220817742247
Level2: PK+lag+PD (H dose-independent),36h_half_life (r=0.63),1.0,17,3000,38.63224868710793,39.08967837488099,39.97757494614195,40.74424063997691,41.57712597342528,42.80336696392275,43.66857443579086
Level2: PK+lag+PD (H dose-independent),36h_half_life (r=0.63),1.0,18,3000,40.38790231339171,40.74445880693293,41.428248968526404,42.01413115831018,42.644516432163634,43.55990813912139,44.18805993574133
Level2: PK+lag+PD (H dose-independent),36h_half_life (r=0.63),1.0,19,3000,42.0895935147511,42.33580993734316,42.80326945743777,43.19979911141829,43.62214588459719,44.227751512013704,44.63371506952154
Level2: PK+lag+PD (H dose-independent),36h_half_life (r=0.63),1.0,20,3000,43.7389664607504,43.86605979093689,44.104988178705014,44.305654945960725,44.51758346508521,44.81726630495427,45.013681273576566
Level2: PK+lag+PD (H dose-independent),36h_half_life (r=0.63),1.0,21,3000,45.33762057877811,45.337620578778115,45.33762057877812,45.337620578778136,45.33762057877815,45.33762057877815,45.337620578778164
